<?xml version="1.0" encoding="UTF-8"?>
<project-private xmlns="http://www.netbeans.org/ns/project-private/1">
    <editor-bookmarks xmlns="http://www.netbeans.org/ns/editor-bookmarks/2" lastBookmarkId="0"/>
    <open-files xmlns="http://www.netbeans.org/ns/projectui-open-files/2">
        <group>
            <file>file:/C:/Users/Dell-5567/Documents/NetBeansProjects/clase3/src/clase3/Numeros.java</file>
            <file>file:/C:/Users/Dell-5567/Documents/NetBeansProjects/clase3/src/clase3/Principal.java</file>
            <file>file:/C:/Users/Dell-5567/Documents/NetBeansProjects/clase3/src/clase3/Numeros2.java</file>
            <file>file:/C:/Users/Dell-5567/Documents/NetBeansProjects/clase3/src/clase3/Operacion.java</file>
            <file>file:/C:/Users/Dell-5567/Documents/NetBeansProjects/clase3/src/clase3/Presenta.java</file>
        </group>
    </open-files>
</project-private>
